Municipi;Codi;Altitud (m);Superfície (km²);Població
Abella de la Conca;250019;956;78,27;161
Abrera;080018;105;19,94;12981
Àger;250024;642;160,57;608
Agramunt;250030;337;79,65;5592
Aguilar de Segarra;080023;480;43,32;291
Agullana;170010;166;27,73;910
Aiguafreda;080142;404;7,90;2582
Aiguamúrcia;430017;314;72,95;965
Aiguaviva;170025;169;13,91;800
Aitona;250387;110;66,90;2575
Alamús, els;250045;212;20,53;799
Alàs i Cerc;250058;768;57,67;325
Albagés, l';250061;372;25,70;343
Albanyà;170031;239;94,39;167
Albatàrrec;250077;147;10,46;2247
Albesa;250083;237;37,61;1571
Albi, l';250096;526;32,54;764
Albinyana;430022;198;19,37;2678
Albiol, l';430038;823;20,34;538
Albons;170046;25;11,13;828
Alcanar;430043;72;47,07;9871
Alcanó;250100;214;21,03;240
Alcarràs;250117;137;114,29;10217
Alcoletge;250122;213;16,70;3621
Alcover;430056;243;46,00;5334
Aldea, l';439044;9;35,21;4554
Aldover;430069;14;20,20;897
Aleixar, l';430075;262;26,10;980
Alella;080039;90;9,58;10200
Alfara de Carles;430081;334;63,87;363
Alfarràs;250138;281;11,40;2759
Alfés;250143;236;31,94;284
Alforja;430094;374;38,24;2027
Algerri;250156;345;54,32;426
Alguaire;250169;304;50,11;2992
Alins;250175;1048;183,19;275
Alió;430108;263;7,25;506
Almacelles;250194;247;49,03;7031
Almatret;250208;462;56,83;303
Almenar;250215;329;66,59;3321
Almoster;430115;290;5,96;1338
Alòs de Balaguer;250220;297;69,08;118
Alp;170062;1158;44,29;1727
Alpens;080044;855;13,80;270
Alpicat;250236;264;15,33;6466
Alt Àneu;250241;1076;217,76;457
Altafulla;430120;52;6,95;5809
Amer;170078;186;40,08;2421
Ametlla de Mar, l';430136;19;66,86;7347
Ametlla del Vallès, l';080057;281;14,24;9448
Ampolla, l';439060;8;35,65;3692
Amposta;430141;8;138,31;22623
Anglès;170084;181;16,31;5915
Anglesola;250273;335;23,53;1370
Arbeca;250292;332;58,34;2085
Arboç, l';430167;166;14,13;5745
Arbolí;430154;714;20,78;129
Arbúcies;170097;291;86,22;6555
Arenys de Mar;080060;10;6,75;16513
Arenys de Munt;080076;121;21,29;9444
Argelaguer;170101;183;12,54;451
Argençola;080082;716;47,09;241
Argentera, l';430173;344;10,12;129
Argentona;080095;88;25,40;12850
Armentera, l';170118;7;5,60;1070
Arnes;430189;506;42,97;463
Arres;250313;1224;11,57;63
Arsèguel;250328;950;10,59;78
Artés;080109;316;17,87;6051
Artesa de Lleida;250334;202;23,94;1536
Artesa de Segre;250349;318;175,90;3519
Ascó;430192;70;73,63;1609
Aspa;250365;256;10,21;219
Avellanes i Santa Linya, les;250371;567;102,96;430
Avià;080116;677;27,23;2242
Avinyó;080121;353;63,23;2311
Avinyonet de Puigventós;170123;70;12,30;1689
Avinyonet del Penedès;080137;280;29,13;1745
Badalona;080155;6;21,18;226219
Badia del Vallès;089045;120;0,93;13109
Bagà;080168;785;43,13;2181
Baix Pallars;250390;591;129,41;344
Balaguer;250404;233;57,32;17597
Balenyà;080174;587;17,35;3999
Balsareny;080180;327;36,91;3325
Banyeres del Penedès;430206;173;12,19;3340
Banyoles;170157;172;11,05;20707
Barbens;250411;283;7,56;908
Barberà de la Conca;430213;475;26,60;480
Barberà del Vallès;082520;146;8,31;33644
Barcelona;080193;9;101,35;1686208
Baronia de Rialb, la;250426;388;145,08;230
Bàscara;170160;66;17,50;1055
Bassella;250447;423;70,25;210
Batea;430228;376;128,41;1881
Bausen;250450;931;17,72;60
Begues;080207;399;50,44;7439
Begur;170139;200;20,66;4227
Belianes;250463;373;15,69;518
Bellaguarda;251706;640;17,14;295
Bellcaire d'Empordà;170182;35;12,64;737
Bellcaire d'Urgell;250479;267;31,38;1226
Bell-lloc d'Urgell;250485;196;34,92;2347
Bellmunt d'Urgell;250498;379;5,11;183
Bellmunt del Priorat;430234;261;8,86;294
Bellprat;080214;653;30,97;69
Bellpuig;250501;308;34,98;5246
Bellvei;430249;108;8,27;2409
Bellver de Cerdanya;250518;1061;98,15;2266
Bellvís;250523;207;46,70;2251
Benavent de Segrià;250539;234;7,43;1571
Benifallet;430252;19;62,42;724
Benissanet;430265;26;23,06;1192
Berga;080229;704;22,57;17195
Besalú;170195;151;4,93;2577
Bescanó;170209;102;35,92;5122
Beuda;170216;338;35,91;205
Bigues i Riells del Fai;080235;307;28,64;10035
Biosca;250557;455;66,21;177
Bisbal d'Empordà, la;170221;39;20,62;11637
Bisbal de Falset, la;430271;372;14,14;207
Bisbal del Penedès, la;430287;189;32,54;4183
Biure;172348;81;10,02;225
Blancafort;430290;428;14,48;393
Blanes;170237;13;17,66;41935
Boadella i les Escaules;170293;82;10,78;260
Bolvir;170242;1145;10,34;497
Bonastre;430304;177;24,97;762
Bòrdes, Es;250576;852;21,44;281
Bordils;170255;42;7,32;1801
Borges Blanques, les;250582;304;61,55;6340
Borges del Camp, les;430311;238;8,24;2256
Borrassà;170268;73;9,45;774
Borredà;080240;854;43,45;426
Bossòst;250595;710;28,17;1144
Bot;430326;286;34,94;552
Botarell;430332;196;11,95;1170
Bovera;250560;297;31,12;253
Bràfim;430347;236;6,42;697
Breda;170274;169;5,02;3917
Bruc, el;080253;489;47,20;2293
Brull, el;080266;843;41,03;293
Brunyola i Sant Martí Sapresa;170280;247;36,82;393
Cabacés;430350;358;31,27;301
Cabanabona;250609;421;14,16;65
Cabanelles;170314;194;55,58;280
Cabanes;170307;26;15,02;975
Cabanyes, les;080272;252;1,15;1011
Cabó;250616;768;80,33;91
Cabra del Camp;430363;493;26,95;1325
Cabrera d'Anoia;080288;299;17,00;1712
Cabrera de Mar;080291;104;8,98;5014
Cabrils;080305;147;7,05;7764
Cadaqués;170329;23;26,43;2894
Calaf;080312;680;9,22;3595
Calafell;430379;67;20,38;31567
Calders;080348;552;33,09;1114
Caldes d'Estrac;080327;33;0,88;3241
Caldes de Malavella;170335;84;57,33;8445
Caldes de Montbui;080333;203;37,45;18334
Calella;080351;5;8,00;20207
Calldetenes;080370;489;5,80;2690
Callús;080386;260;12,50;2151
Calonge de Segarra;080364;688;37,15;174
Calonge i Sant Antoni;170340;22;33,57;12203
Camarasa;250621;321;157,13;818
Camarles;439039;13;25,16;3428
Cambrils;430385;24;35,21;36686
Camós;170353;168;15,66;713
Campdevànol;170366;738;32,62;3250
Campelles;170372;1303;18,64;165
Campins;080399;321;7,29;609
Campllong;170388;113;8,59;544
Camprodon;170391;947;103,38;2521
Canejan;250637;906;48,32;101
Canet d'Adri;170405;217;44,41;744
Canet de Mar;080403;15;5,56;15135
Canonja, la;439076;50;7,32;5936
Canovelles;080410;175;6,66;17264
Cànoves i Samalús;080425;346;29,19;3309
Cantallops;170412;200;19,62;346
Canyelles;080431;142;14,23;5360
Capafonts;430398;751;13,35;106
Capçanes;430402;223;22,49;426
Capellades;080446;317;2,94;5558
Capmany;170427;107;26,40;691
Capolat;080459;1279;34,13;92
Cardedeu;080462;193;12,10;19091
Cardona;080478;507;66,70;4566
Carme;080484;351;11,68;819
Caseres;430419;324;42,90;240
Cassà de la Selva;170448;137;45,21;10941
Casserres;080497;611;29,46;1675
Castell d'Aro, Platja d'Aro i s'Agaró;170486;5;21,74;12773
Castell de l'Areny;080575;954;24,35;69
Castell de Mur;259046;532;62,42;175
Castellar de la Ribera;250642;657;60,19;144
Castellar de n'Hug;080522;1395;47,12;164
Castellar del Riu;080500;920;32,74;163
Castellar del Vallès;080517;331;44,91;25301
Castellbell i el Vilar;080538;178;28,47;4130
Castellbisbal;080543;132;31,03;12965
Castellcir;080556;773;34,18;778
Castelldans;250674;353;65,10;891
Castelldefels;080569;3;12,87;69196
Castellet i la Gornal;080581;137;47,48;2665
Castellfollit de la Roca;170464;296;0,73;947
Castellfollit de Riubregós;080608;467;26,21;151
Castellfollit del Boix;080594;700;58,90;460
Castellgalí;080615;266;17,21;2339
Castellnou de Bages;080620;469;29,16;1430
Castellnou de Seana;250680;269;16,11;728
Castelló d'Empúries;170470;17;42,30;12132
Castelló de Farfanya;250693;358;52,62;543
Castellolí;080636;415;25,28;659
Castellserà;250707;267;15,84;992
Castellterçol;080641;726;31,90;2766
Castellvell del Camp;430424;219;5,21;2991
Castellví de la Marca;080654;198;28,40;1714
Castellví de Rosanes;080667;178;16,38;2098
Catllar, el;430430;59;26,43;5215
Cava;250714;1335;42,19;40
Cellera de Ter, la;171899;166;14,63;2013
Celrà;170499;71;19,53;5553
Centelles;080673;496;15,18;7771
Cercs;082687;650;47,35;1193
Cerdanyola del Vallès;082665;82;30,56;57831
Cervelló;080689;122;24,10;9633
Cervera;250729;548;55,19;9553
Cervià de les Garrigues;250735;444;34,20;640
Cervià de Ter;170502;45;9,90;997
Cistella;170519;130;25,55;294
Ciutadilla;250740;519;17,03;194
Clariana de Cardener;250753;500;40,78;160
Cogul, el;250766;279;17,51;162
Colera;170545;10;24,35;490
Coll de Nargó;250772;573;151,41;583
Collbató;080692;388;18,07;4847
Colldejou;430458;431;14,48;161
Collsuspina;080706;901;15,08;390
Colomers;170558;41;4,35;205
Coma i la Pedra, la;251636;1004;60,62;283
Conca de Dalt;251615;507;166,48;435
Conesa;430461;705;29,02;113
Constantí;430477;81;30,87;6921
Copons;080713;432;18,66;352
Corbera d'Ebre;430483;337;53,09;1016
Corbera de Llobregat;080728;342;18,41;15783
Corbins;250788;211;21,01;1483
Corçà;170577;43;16,29;1282
Cornellà de Llobregat;080734;27;6,99;91196
Cornellà del Terri;170561;96;27,71;2394
Cornudella de Montsant;430496;533;63,50;1033
Creixell;430509;48;10,46;4169
Crespià;170583;138;11,38;251
Cruïlles, Monells i Sant Sadurní de l'Heura;179011;110;99,84;1323
Cubelles;080749;12;13,49;17300
Cubells;250791;499;39,17;342
Cunit;430516;10;9,74;15750
Darnius;170600;193;34,93;549
Das;170617;1219;14,58;270
Deltebre;439018;6;107,44;11941
Dosrius;080752;147;40,73;6152
Duesaigües;430537;268;13,58;223
Escala, l';170622;14;16,31;10630
Esparreguera;080765;187;27,40;22499
Espinelves;170638;752;17,43;254
Espluga Calba, l';250812;434;21,53;332
Espluga de Francolí, l';430542;411;56,97;3850
Esplugues de Llobregat;080771;110;4,60;47700
Espolla;170643;124;43,55;412
Esponellà;170656;142;16,06;438
Espot;250827;1318;97,30;379
Espunyola, l';080787;803;35,46;263
Esquirol, l';082541;693;61,80;2275
Estamariu;250886;1084;21,16;133
Estany, l';080790;870;10,25;401
Estaràs;250851;596;20,99;162
Esterri d'Àneu;250864;957;8,49;920
Esterri de Cardós;250870;1212;16,55;63
Falset;430555;364;31,62;2875
Far d'Empordà, el;170059;44;9,00;626
Farrera;250899;1294;61,87;128
Fatarella, la;430568;487;56,52;856
Febró, la;430574;754;16,08;36
Figaró-Montmany;081347;330;14,99;1190
Fígols;080804;1154;29,31;42
Fígols i Alinyà;259084;602;101,80;244
Figuera, la;430580;576;18,69;123
Figueres;170669;39;19,30;48670
Figuerola del Camp;430593;474;22,72;346
Flaçà;170675;34;6,53;1145
Flix;430607;47;116,90;3323
Floresta, la;250925;316;5,46;164
Fogars de la Selva;080826;45;32,12;1678
Fogars de Montclús;080811;386;39,72;503
Foixà;170681;85;18,80;291
Folgueroles;080832;552;10,47;2262
Fondarella;250931;243;5,43;807
Fonollosa;080847;525;51,67;1584
Fontanals de Cerdanya;170694;1180;28,65;531
Fontanilles;170708;29;9,28;168
Fontcoberta;170715;207;17,28;1501
Font-rubí;080850;319;37,42;1432
Foradada;250946;455;28,55;200
Forallac;179026;51;50,63;1761
Forès;430614;866;16,03;40
Fornells de la Selva;170736;102;11,86;2780
Fortià;170741;8;10,76;801
Franqueses del Vallès, les;080863;181;29,14;20667
Freginals;430629;126;17,59;425
Fuliola, la;250962;275;11,05;1249
Fulleda;250978;581;16,18;92
Gaià;080902;481;39,48;178
Galera, la;430635;112;27,47;717
Gallifa;080879;502;16,33;174
Gandesa;430640;363;71,15;3160
Garcia;430653;73;52,37;540
Garidells, els;430666;132;3,07;204
Garriga, la;080885;252;18,80;17277
Garrigàs;170754;101;19,89;470
Garrigoles;170767;92;9,40;186
Garriguella;170773;56;21,01;967
Gavà;080898;9;30,75;47961
Gavet de la Conca;250984;421;90,90;262
Gelida;080919;196;26,70;8078
Ger;170789;1135;33,38;494
Gimenells i el Pla de la Font;259123;258;55,84;1095
Ginestar;430672;26;15,84;800
Girona;170792;70;39,12;106476
Gironella;080924;469;6,78;5072
Gisclareny;080930;1340;36,47;30
Godall;430688;168;33,62;621
Golmés;250997;275;16,62;1913
Gombrèn;170806;919;43,26;197
Gósol;251001;1423;56,29;214
Granada, la;080945;272;6,52;2263
Granadella, la;251018;528;88,70;762
Granera;080958;782;23,73;83
Granja d'Escarp, la;251023;78;38,51;941
Granollers;080961;145;14,87;63897
Granyanella;251039;508;24,35;140
Granyena de les Garrigues;251057;366;20,47;164
Granyena de Segarra;251044;636;16,30;147
Gratallops;430691;321;13,52;232
Gualba;080977;177;23,29;1743
Gualta;170813;15;9,02;428
Guardiola de Berguedà;080996;720;61,73;951
Guiamets, els;430705;226;12,14;256
Guils de Cerdanya;170828;1385;22,02;568
Guimerà;251095;555;25,76;249
Guingueta d'Àneu, la;259031;919;108,42;283
Guissona;251109;484;18,10;7586
Guixers;251116;840;66,44;135
Gurb;081000;516;51,57;2711
Horta de Sant Joan;430712;542;118,99;1157
Hospitalet de Llobregat, l';081017;8;12,40;282299
Hostalets de Pierola, els;081629;361;33,49;3232
Hostalric;170834;189;3,39;4443
Igualada;081022;313;8,11;41755
Isona i Conca Dellà;251155;659;139,37;1042
Isòvol;170849;1088;10,81;330
Ivars d'Urgell;251137;265;24,32;1591
Ivars de Noguera;251121;314;27,14;319
Ivorra;251142;567;15,36;102
Jafre;170852;44;6,64;387
Jonquera, la;170865;110;56,93;3361
Jorba;081038;380;30,90;827
Josa i Tuixén;259101;1206;68,16;123
Juià;170871;94;8,36;345
Juncosa;251180;575;76,49;389
Juneda;251193;264;47,33;3523
Les;251214;634;23,45;1031
Linyola;251229;248;28,66;2737
Llacuna, la;081043;615;52,23;984
Lladó;170887;197;13,50;828
Lladorre;251235;1052;146,98;254
Lladurs;251240;834;128,03;185
Llagosta, la;081056;45;3,03;13070
Llagostera;170890;160;76,38;9486
Llambilles;170904;143;14,58;728
Llanars;170911;983;24,73;515
Llançà;170926;4;27,98;5048
Llardecans;251253;397;66,04;427
Llavorsí;251266;811;68,51;336
Lleida;251207;155;212,30;144878
Llers;170932;142;21,28;1262
Lles de Cerdanya;251272;1471;102,79;288
Lliçà d'Amunt;081075;145;22,33;16225
Lliçà de Vall;081081;125;10,83;6858
Llimiana;251288;790;41,68;132
Llinars del Vallès;081069;198;27,63;10699
Llívia;170947;1224;12,93;1561
Lloar, el;430727;219;6,64;100
Llobera;251291;855;39,23;208
Llorac;430733;648;23,33;102
Llorenç del Penedès;430748;162;4,61;2422
Lloret de Mar;170950;5;48,71;42134
Llosses, les;170963;895;114,02;199
Lluçà;081094;745;52,98;289
Maçanet de Cabrenys;171024;370;67,91;775
Maçanet de la Selva;171030;100;45,58;7972
Madremanya;170979;177;13,72;288
Maià de Montcal;170985;241;17,29;488
Maials;251333;395;57,08;916
Maldà;251305;428;31,36;239
Malgrat de Mar;081108;4;8,82;19270
Malla;081115;580;11,01;274
Manlleu;081120;461;17,17;21291
Manresa;081136;238;41,64;79737
Marçà;430764;315;16,06;599
Margalef;430751;379;34,66;108
Marganell;082423;291;13,53;310
Martorell;081141;56;12,76;28483
Martorelles;081154;96;3,61;4984
Mas de Barberans;430770;348;78,80;546
Masarac i Vilarnadal;171002;85;12,55;296
Masdenverge;430786;54;14,61;1149
Masies de Roda, les;081167;468;16,46;749
Masies de Voltregà, les;081173;533;22,35;3292
Masllorenç;430799;304;6,55;567
Masnou, el;081189;27;3,39;24444
Masó, la;430803;115;3,57;288
Maspujols;430810;214;3,66;893
Masquefa;081192;257;17,06;10020
Masroig, el;430825;192;15,51;480
Massalcoreig;251312;94;14,14;576
Massanes;171019;164;26,07;843
Massoteres;251327;502;26,11;212
Matadepera;081206;423;25,36;9863
Mataró;081213;28;22,53;130887
Mediona;081228;430;47,55;2632
Menàrguens;251348;205;20,25;793
Meranges;170998;1539;37,34;111
Mieres;171058;286;26,29;348
Milà, el;430831;166;4,13;197
Miralcamp;251351;287;14,87;1389
Miravet;430846;43;32,33;683
Moià;081385;717;75,31;6715
Molar, el;430859;228;22,81;308
Molins de Rei;081234;37;15,94;26930
Mollerussa;251370;250;7,08;15680
Mollet de Peralada;171061;59;6,04;215
Mollet del Vallès;081249;65;10,77;52045
Molló;171077;1182;43,09;373
Molsosa, la;251364;667;26,89;105
Monistrol de Calders;081287;447;21,97;762
Monistrol de Montserrat;081271;161;11,77;3188
Montagut i Oix;171096;276;93,70;1002
Montblanc;430862;350;91,07;7539
Montbrió del Camp;430884;132;10,70;3137
Montcada i Reixac;081252;36;23,47;37096
Montclar;081304;728;21,89;132
Montellà i Martinet;251399;967;54,95;619
Montesquiu;081311;577;4,94;1095
Montferrer i Castellbò;251403;732;176,66;1163
Montferri;430897;229;19,15;473
Montgai;251386;286;28,94;640
Montgat;081265;20;2,91;12646
Montmajor;081326;756;76,49;474
Montmaneu;081332;709;13,62;200
Montmell, el;430901;429;72,80;1916
Montmeló;081350;72;4,00;8887
Montoliu de Lleida;251425;166;7,34;477
Montoliu de Segarra;251410;689;29,47;181
Montornès de Segarra;251431;605;12,32;88
Montornès del Vallès;081363;116;10,23;17039
Mont-ral;430918;888;34,72;185
Mont-ras;171100;88;12,31;1691
Mont-roig del Camp;430923;120;63,32;14185
Montseny;081379;528;26,77;379
Móra d'Ebre;430939;38;45,12;5739
Móra la Nova;430944;31;15,93;3309
Morell, el;430957;104;5,94;3851
Morera de Montsant, la;430960;743;52,88;144
Muntanyola;081290;807;40,30;712
Mura;081398;454;47,79;232
Nalec;251459;487;9,25;89
Naut Aran;250254;1267;255,75;1896
Navarcles;081402;269;5,52;6158
Navàs;081419;370;80,62;6183
Navata;171117;145;18,48;1466
Navès;251462;610;145,27;302
Nou de Berguedà, la;081424;876;25,01;163
Nou de Gaià, la;430976;93;4,32;611
Nulles;430982;231;10,61;557
Odèn;251484;1130;114,38;231
Òdena;081430;421;52,66;3695
Ogassa;171122;951;45,22;218
Olèrdola;081458;189;30,15;3938
Olesa de Bonesvalls;081461;265;30,79;2092
Olesa de Montserrat;081477;124;16,63;24703
Oliana;251497;469;32,37;1828
Oliola;251500;452;86,28;195
Olius;251517;742;54,84;1003
Olivella;081483;211;38,75;4452
Olost;081496;572;29,37;1213
Olot;171143;443;29,03;38836
Oluges, les;251522;528;18,95;165
Olvan;081445;553;35,58;910
Omellons, els;251538;385;11,06;189
Omells de na Gaia, els;251543;560;13,48;121
Ordis;171156;98;8,55;396
Organyà;251556;558;12,53;809
Orís;081509;576;27,17;349
Oristà;081516;468;68,49;571
Orpí;081521;375;15,23;179
Òrrius;081537;259;5,66;806
Os de Balaguer;251569;463;135,96;1072
Osor;171169;340;52,07;422
Ossó de Sió;251575;391;26,29;195
Pacs del Penedès;081542;201;6,27;943
Palafolls;081555;16;16,56;9933
Palafrugell;171175;64;26,88;24245
Palamós;171181;12;13,98;18619
Palau d'Anglesola, el;251581;250;12,27;2200
Palau de Santa Eulàlia;171194;86;8,44;136
Palau-sator;171215;20;12,39;305
Palau-saverdera;171208;78;16,45;1498
Palau-solità i Plegamans;081568;130;14,93;15444
Pallaresos, els;431009;120;5,13;5018
Pallejà;081574;41;8,30;11811
Palma d'Ebre, la;430995;335;37,92;335
Palma de Cervelló, la;089058;100;5,46;3048
Palol de Revardit;171236;152;17,98;467
Pals;171241;55;25,83;2583
Papiol, el;081580;135;8,95;4358
Pardines;171254;1226;31,05;161
Parets del Vallès;081593;98;9,12;18879
Parlavà;171267;40;6,18;429
Passanant i Belltall;431016;714;27,35;162
Pau;171289;33;10,70;590
Paüls;431021;378;43,83;543
Pedret i Marzà;171292;22;8,65;188
Penelles;251641;276;25,51;435
Pera, la;171306;93;11,54;452
Perafita;081607;754;19,59;438
Perafort;431037;125;9,54;1319
Peralada;171328;32;43,61;2047
Peramola;251654;566;56,17;349
Perelló, el;431042;142;100,67;2933
Piera;081614;324;57,20;17560
Piles, les;431055;676;22,39;230
Pineda de Mar;081635;10;10,74;29415
Pinell de Brai, el;431068;189;56,99;975
Pinell de Solsonès;251667;800;91,11;203
Pinós;251673;823;104,32;277
Pira;431074;385;8,01;499
Pla de Santa Maria, el;431080;381;34,99;2391
Pla del Penedès, el;081640;216;9,56;1352
Planes d'Hostoles, les;171334;370;37,50;1748
Planoles;171349;1136;18,75;306
Plans de Sió, els;259118;412;55,89;521
Poal, el;251689;216;8,88;652
Pobla de Cérvoles, la;251692;663;61,92;209
Pobla de Claramunt, la;081653;265;18,54;2356
Pobla de Lillet, la;081666;843;51,45;1107
Pobla de Mafumet, la;431093;98;6,21;4127
Pobla de Massaluca, la;431107;357;43,40;344
Pobla de Montornès, la;431114;56;12,29;3357
Pobla de Segur, la;251713;524;32,83;3043
Poboleda;431129;343;13,95;333
Polinyà;081672;123;8,79;8559
Pont d'Armentera, el;431135;349;21,67;498
Pont de Bar, el;250306;861;42,62;165
Pont de Molins;171352;43;8,66;572
Pont de Suert, el;251734;838;148,14;2415
Pont de Vilomara i Rocafort, el;081825;202;27,41;4139
Pontils;431418;551;67,56;123
Pontons;081688;584;25,94;518
Pontós;171365;94;13,66;289
Ponts;251728;363;30,52;2670
Porqueres;171371;148;33,52;4782
Porrera;431140;316;28,83;417
Port de la Selva, el;171404;12;41,62;1058
Portbou;171387;28;9,22;1082
Portella, la;251749;259;12,31;723
Pradell de la Teixeta;431153;463;21,83;178
Prades;431166;950;32,58;671
Prat de Comte;431172;363;26,43;188
Prat de Llobregat, el;081691;8;31,41;65910
Pratdip;431188;245;36,27;763
Prats de Lluçanès;081712;707;13,78;2696
Prats de Rei, els;081705;608;26,06;554
Prats i Sansor;251752;1124;6,57;254
Preixana;251765;328;21,52;404
Preixens;251771;315;28,67;390
Premià de Dalt;082303;142;6,57;10574
Premià de Mar;081727;8;2,11;28928
Preses, les;171390;474;9,39;1924
Prullans;251790;1096;21,21;252
Puigcerdà;171411;1202;18,92;10041
Puigdàlber;081748;239;0,40;629
Puiggròs;251804;334;9,90;257
Puigpelat;431191;252;9,48;1208
Puig-reig;081751;455;45,75;4482
Puigverd d'Agramunt;251811;366;17,00;247
Puigverd de Lleida;251826;219;12,51;1417
Pujalt;081764;770;31,43;212
Quar, la;081770;885;38,25;44
Quart;171426;91;38,09;4099
Queralbs;170433;1236;93,47;206
Querol;431205;565;72,26;595
Rabós;171432;106;45,10;239
Rajadell;081786;361;45,53;594
Ràpita, la;431362;11;53,72;15802
Rasquera;431212;174;51,31;796
Regencós;171447;78;6,27;279
Rellinars;081799;322;17,79;920
Renau;431227;175;8,22;158
Reus;431233;117;52,82;109961
Rialp;251832;725;63,30;663
Riba, la;431248;263;7,99;568
Riba-roja d'Ebre;431251;76;99,14;1126
Ribera d'Ondara;259059;570;54,47;454
Ribera d'Urgellet;251850;702;106,96;960
Ribes de Freser;171450;912;41,87;1846
Riells i Viabrea;171463;96;26,98;4497
Riera de Gaià, la;431264;28;8,76;1806
Riner;251863;830;47,10;264
Ripoll;171479;691;73,71;10773
Ripollet;081803;79;4,33;39430
Riu de Cerdanya;259139;1173;12,34;99
Riudarenes;171485;84;47,60;2444
Riudaura;171498;572;23,60;528
Riudecanyes;431270;195;17,10;1359
Riudecols;431286;299;19,46;1248
Riudellots de la Selva;171501;98;13,13;2128
Riudoms;431299;125;32,43;6954
Riumors;171518;7;6,54;264
Roca del Vallès, la;081810;123;36,90;10956
Rocafort de Queralt;431303;566;8,47;246
Roda de Berà;431310;57;16,50;8027
Roda de Ter;081831;443;2,23;6883
Rodonyà;431325;312;8,49;522
Roquetes;431331;14;136,92;8374
Roses;171523;5;45,91;20255
Rosselló;251898;252;9,92;3353
Rourell, el;431346;114;2,32;403
Rubí;081846;123;32,30;81523
Rubió;081859;629;48,00;240
Rupià;171539;66;5,29;329
Rupit i Pruit;089019;822;47,81;281
Sabadell;081878;190;37,79;221564
Sagàs;081884;738;44,60;154
Salàs de Pallars;251902;573;20,27;354
Saldes;081901;1215;66,40;300
Sales de Llierca;171544;260;35,82;157
Sallent;081918;278;65,22;6932
Salomó;431359;165;12,21;530
Salou;439057;2;15,13;30442
Salt;171557;83;6,64;33946
Sanaüja;251919;409;32,99;387
Sant Adrià de Besòs;081944;14;3,82;38672
Sant Agustí de Lluçanès;081957;816;13,26;108
Sant Andreu de la Barca;081960;42;5,50;27039
Sant Andreu de Llavaneres;081976;114;11,83;11942
Sant Andreu Salou;171576;132;5,96;173
Sant Aniol de Finestres;171833;289;47,73;372
Sant Antoni de Vilamajor;081982;258;13,70;6654
Sant Bartomeu del Grau;081995;868;34,40;939
Sant Boi de Llobregat;082009;30;21,47;84588
Sant Boi de Lluçanès;082016;813;19,48;574
Sant Cebrià de Vallalta;082037;71;15,80;3812
Sant Celoni;082021;152;65,23;18708
Sant Climent de Llobregat;082042;87;10,81;4181
Sant Climent Sescebes;171582;86;24,37;675
Sant Cugat del Vallès;082055;124;48,23;98649
Sant Cugat Sesgarrigues;082068;266;6,24;1028
Sant Esteve de la Sarga;251961;875;92,87;124
Sant Esteve de Palautordera;082074;231;10,64;3081
Sant Esteve Sesrovires;082080;183;18,56;8039
Sant Feliu de Buixalleu;171595;402;61,94;878
Sant Feliu de Codines;082107;480;15,00;6624
Sant Feliu de Guíxols;171609;4;16,23;22934
Sant Feliu de Llobregat;082114;25;11,82;46381
Sant Feliu de Pallerols;171616;473;34,86;1670
Sant Feliu Sasserra;082129;617;22,36;629
Sant Ferriol;171621;146;42,24;236
Sant Fost de Campsentelles;082093;112;13,15;9196
Sant Fruitós de Bages;082135;247;22,29;9225
Sant Gregori;171637;112;49,17;4244
Sant Guim de Freixenet;251924;738;25,10;1214
Sant Guim de la Plana;251977;556;12,45;195
Sant Hilari Sacalm;171642;803;83,28;5969
Sant Hipòlit de Voltregà;082153;536;0,92;3684
Sant Iscle de Vallalta;081939;129;17,77;1463
Sant Jaume d'Enveja;439023;7;60,79;3671
Sant Jaume de Frontanyà;082166;1072;21,26;26
Sant Jaume de Llierca;171655;203;6,75;851
Sant Jaume dels Domenys;431378;213;24,45;2806
Sant Joan de les Abadesses;171674;773;53,67;3373
Sant Joan de Mollet;171680;54;3,15;526
Sant Joan de Vilatorrada;082188;277;16,43;10972
Sant Joan Despí;082172;10;6,17;35012
Sant Joan les Fonts;171851;342;31,94;3103
Sant Jordi Desvalls;171668;57;11,72;867
Sant Julià de Cerdanyola;089030;954;11,79;231
Sant Julià de Ramis;171693;128;18,80;3639
Sant Julià de Vilatorta;082205;600;15,94;3300
Sant Julià del Llor i Bonmatí;179032;160;9,73;1387
Sant Just Desvern;082212;122;7,81;20815
Sant Llorenç d'Hortons;082227;196;19,72;2617
Sant Llorenç de la Muga;171714;173;31,84;258
Sant Llorenç de Morunys;251930;925;4,34;1000
Sant Llorenç Savall;082233;466;41,11;2580
Sant Martí d'Albars;082251;629;14,73;140
Sant Martí de Centelles;082248;404;25,55;1260
Sant Martí de Llémena;171729;256;43,13;705
Sant Martí de Riucorb;259025;409;34,90;675
Sant Martí de Tous;082264;465;39,21;1273
Sant Martí Sarroca;082270;291;35,27;3385
Sant Martí Sesgueioles;082286;646;3,87;360
Sant Martí Vell;171735;65;17,52;262
Sant Mateu de Bages;082299;569;102,92;637
Sant Miquel de Campmajor;171740;217;33,22;250
Sant Miquel de Fluvià;171753;28;3,51;840
Sant Mori;171766;51;7,53;164
Sant Pau de Segúries;171772;867;8,74;722
Sant Pere de Ribes;082310;44;40,80;32006
Sant Pere de Riudebitlles;082325;246;5,38;2495
Sant Pere de Torelló;082331;621;55,13;2596
Sant Pere de Vilamajor;082346;305;34,72;4923
Sant Pere Pescador;171788;5;18,45;2207
Sant Pere Sallavinera;081897;588;22,02;158
Sant Pol de Mar;082359;15;7,53;5810
Sant Quintí de Mediona;082362;326;13,84;2511
Sant Quirze de Besora;082378;587;8,12;2127
Sant Quirze del Vallès;082384;188;14,07;20110
Sant Quirze Safaja;082397;627;26,21;671
Sant Ramon;251945;641;18,53;495
Sant Sadurní d'Anoia;082401;162;18,96;12915
Sant Sadurní d'Osormort;082418;531;30,60;85
Sant Salvador de Guardiola;080983;334;37,15;3478
Sant Vicenç de Castellet;082628;176;17,13;10131
Sant Vicenç de Montalt;082649;143;8,05;6725
Sant Vicenç de Torelló;082652;555;7,04;2090
Sant Vicenç dels Horts;082634;22;9,12;28595
Santa Bàrbara;431384;79;28,15;3819
Santa Cecília de Voltregà;082439;519;8,63;192
Santa Coloma de Cervelló;082444;73;7,49;8334
Santa Coloma de Farners;171805;142;70,64;13874
Santa Coloma de Gramenet;082457;56;7,00;120903
Santa Coloma de Queralt;431397;674;33,85;2823
Santa Cristina d'Aro;171812;30;67,55;5833
Santa Eugènia de Berga;082460;538;7,01;2300
Santa Eulàlia de Riuprimer;082476;568;13,82;1486
Santa Eulàlia de Ronçana;082482;236;14,23;7916
Santa Fe del Penedès;082495;240;3,41;360
Santa Llogaia d'Àlguema;171827;42;1,94;400
Santa Margarida de Montbui;082508;316;27,59;10519
Santa Margarida i els Monjos;082515;161;17,16;7718
Santa Maria d'Oló;082589;542;66,21;1078
Santa Maria de Besora;082536;866;24,73;164
Santa Maria de Martorelles;082567;181;4,51;872
Santa Maria de Merlès;082554;532;52,08;175
Santa Maria de Miralles;082573;543;25,04;137
Santa Maria de Palautordera;082592;208;16,94;9994
Santa Oliva;431401;101;9,65;3679
Santa Pau;171848;496;49,01;1610
Santa Perpètua de Mogoda;082606;74;15,83;25936
Santa Susanna;082613;10;12,63;3999
Santpedor;081923;336;16,50;7707
Sarral;431423;467;52,39;1588
Sarrià de Ter;171864;70;4,16;5378
Sarroca de Bellera;252017;1002;87,51;114
Sarroca de Lleida;252000;201;42,18;381
Saus, Camallera i Llampaies;171870;86;11,36;908
Savallà del Comtat;431439;825;14,80;48
Secuita, la;431444;169;17,77;1828
Selva de Mar, la;171886;48;7,19;220
Selva del Camp, la;431457;246;35,31;5839
Senan;431460;652;11,70;46
Sénia, la;430445;369;108,41;5618
Senterada;252022;729;34,45;157
Sentiu de Sió, la;250352;281;29,62;454
Sentmenat;082671;207;28,80;9523
Serinyà;171903;188;17,38;1196
Seròs;252043;103;85,75;1890
Serra de Daró;171910;15;7,91;231
Setcases;171925;1265;49,12;192
Seu d'Urgell, la;252038;691;15,45;12759
Seva;082690;663;30,40;3801
Sidamon;252056;232;8,12;769
Sils;171931;76;29,91;6706
Sitges;082704;10;43,85;32496
Siurana;170524;33;10,53;177
Sobremunt;082711;881;13,80;101
Soleràs, el;252069;381;12,23;317
Solivella;431476;489;21,37;627
Solsona;252075;664;17,70;9393
Sora;082726;716;31,71;219
Soriguera;252081;1258;106,39;447
Sort;252094;692;105,05;2258
Soses;252108;118;30,16;1870
Subirats;082732;243;55,89;3287
Sudanell;252115;152;8,69;897
Sunyer;252120;211;12,66;306
Súria;082747;326;23,60;6072
Susqueda;171946;816;50,61;95
Tagamanent;082763;354;43,31;339
Talamanca;082779;552;29,43;212
Talarn;252154;572;27,95;541
Talavera;252167;791;30,11;285
Tallada d'Empordà, la;171959;20;16,56;476
Taradell;082785;623;26,48;6828
Tarragona;431482;68;57,89;141018
Tàrrega;252173;373;88,36;18570
Tarrés;252189;578;13,01;125
Tarroja de Segarra;252192;460;7,61;172
Tavèrnoles;082750;537;18,78;341
Tavertet;082802;869;32,49;131
Teià;082819;128;6,63;6812
Térmens;252206;208;27,54;1344
Terrades;171962;228;20,96;342
Terrassa;082798;277;70,16;228294
Tiana;082824;136;7,95;9323
Tírvia;252213;991;8,50;144
Tiurana;252228;387;15,86;67
Tivenys;431495;13;53,54;937
Tivissa;431508;309;209,43;1624
Tona;082830;596;16,54;8499
Torà;252234;448;93,31;1253
Tordera;082845;34;83,97;18795
Torelló;082858;508;13,00;15107
Torms, els;252249;476;13,75;138
Tornabous;252252;289;24,17;842
Torre de Cabdella, la;252271;1075;165,27;787
Torre de Claramunt, la;082861;363;15,02;4115
Torre de Fontaubella, la;431515;369;7,11;119
Torre de l'Espanyol, la;431520;164;27,90;630
Torrebesses;252265;287;27,45;273
Torredembarra;431536;15;8,71;17953
Torrefarrera;252287;214;23,49;4904
Torrefeta i Florejacs;259078;475;88,91;608
Torregrossa;252304;232;40,52;2227
Torrelameu;252311;201;10,93;799
Torrelavit;082877;202;23,65;1509
Torrelles de Foix;082883;367;36,72;2662
Torrelles de Llobregat;082896;126;13,56;6136
Torrent;171978;44;7,96;174
Torres de Segre;252326;119;50,61;2268
Torre-serona;252332;197;5,89;440
Torroella de Fluvià;171984;9;16,85;770
Torroella de Montgrí;171997;31;65,93;12421
Torroja del Priorat;431541;332;13,16;137
Tortellà;172001;276;11,07;828
Tortosa;431554;12;218,51;35513
Toses;172018;1444;57,88;192
Tossa de Mar;172023;5;38,58;6241
Tremp;252347;468;302,82;6056
Ullà;172044;21;7,29;1221
Ullastrell;082900;342;7,31;2179
Ullastret;172057;49;11,09;266
Ulldecona;431567;133;126,88;6598
Ulldemolins;431573;650;38,17;414
Ultramort;172039;30;4,35;214
Urús;172060;1263;17,42;207
Vacarisses;082917;382;40,70;7549
Vajol, la;170144;546;4,71;98
Vall d'en Bas, la;172076;510;90,67;3221
Vall de Bianya, la;172082;367;93,62;1347
Vall de Boí, la;250432;1111;219,49;1119
Vall de Cardós;259010;898;56,20;381
Vallbona d'Anoia;082922;289;6,45;1405
Vallbona de les Monges;252385;481;34,14;221
Vallcebre;082938;1123;27,99;272
Vallclara;431589;625;13,63;89
Vallfogona de Balaguer;252402;235;26,97;2016
Vallfogona de Ripollès;171707;956;39,20;222
Vallfogona de Riucorb;431592;573;10,94;98
Vallgorguina;082943;222;22,13;3203
Vallirana;082956;177;23,88;15952
Vall-llobrega;172095;49;5,45;912
Vallmoll;431606;161;16,68;1937
Vallromanes;082969;153;10,65;2749
Valls;431613;215;55,28;25085
Valls d'Aguilar, les;259062;669;123,81;269
Valls de Valira, les;252398;740;171,25;810
Vandellòs i l'Hospitalet de l'Infant;431628;281;102,67;7082
Vansa i Fórnols, la;259097;989;106,08;189
Veciana;082975;564;38,90;175
Vendrell, el;431634;49;36,80;40526
Ventalló;172109;28;25,05;891
Verdú;252424;434;35,79;885
Verges;172116;23;9,70;1180
Vespella de Gaià;431649;191;18,04;504
Vic;082981;484;30,58;49333
Vidrà;172121;982;34,39;169
Vidreres;172137;93;48,05;8655
Vielha e Mijaran;252430;974;211,74;5793
Vilabella;431652;254;18,19;725
Vilabertran;172142;19;2,29;987
Vilablareix;172155;99;6,17;3772
Vilada;082994;757;22,34;443
Viladamat;172174;13;11,73;492
Viladasens;172168;96;15,74;212
Viladecans;083015;18;20,40;67179
Viladecavalls;083008;274;20,09;7790
Vilademuls;172180;120;61,54;865
Viladrau;172207;821;50,73;1175
Vilafant;172214;54;8,36;5696
Vilafranca del Penedès;083054;223;19,65;41541
Vilagrassa;252445;355;19,87;633
Vilajuïga;172235;31;13,13;1183
Vilalba dels Arcs;431750;450;67,25;614
Vilalba Sasserra;083067;200;6,05;780
Vilaller;252458;981;59,23;506
Vilallonga de Ter;172240;1067;64,20;395
Vilallonga del Camp;431665;124;9,04;2462
Vilamacolum;172253;5;5,57;373
Vilamalla;172266;45;8,77;1220
Vilamaniscle;172272;169;5,46;202
Vilamòs;252477;1255;15,44;176
Vilanant;172288;98;16,87;402
Vilanova d'Escornalbou;431671;226;17,16;611
Vilanova de Bellpuig;252483;290;13,98;1168
Vilanova de l'Aguda;252496;409;53,68;195
Vilanova de la Barca;252542;195;21,55;1100
Vilanova de Meià;252509;633;105,24;462
Vilanova de Prades;431687;893;21,51;110
Vilanova de Sau;083036;558;58,84;317
Vilanova de Segrià;252516;255;8,51;1057
Vilanova del Camí;083020;302;10,28;12853
Vilanova del Vallès;089024;91;15,20;5644
Vilanova i la Geltrú;083073;22;33,99;70293
Vilaplana;431690;366;23,20;560
Vila-rodona;431704;259;33,11;1379
Vila-sacra;172305;16;6,03;815
Vila-sana;252521;249;19,10;744
Vila-seca;431711;45;21,64;24061
Vilassar de Dalt;082140;142;8,86;9299
Vilassar de Mar;082191;10;4,00;21169
Vilaür;172229;65;5,49;170
Vilaverd;431726;269;12,61;470
Vilella Alta, la;431732;327;5,15;130
Vilella Baixa, la;431747;218;5,62;206
Vilobí d'Onyar;172333;122;32,59;3304
Vilobí del Penedès;083041;286;9,34;1149
Vilopriu;172327;82;16,38;213
Vilosell, el;252537;665;18,88;192
Vimbodí i Poblet;431763;496;66,09;893
Vinaixa;252555;479;37,59;449
Vinebre;431779;34;26,44;426
Vinyols i els Arcs;431785;95;10,83;2425
Viver i Serrateix;083089;729;66,80;173
Xerta;430521;12;32,39;1153

